<?xml version="1.0" encoding="UTF-8" ?>
<bundle xmlns="http://v8.1c.ru/8.2/addin/bundle" name="ru_bootcode_btscaner">
  <component os="Android" path="BTScaner_ARM.so" codeType="c++" type="native" arch="ARM"/>
  <component os="Android" path="BTScaner_ARM64.so" codeType="c++" type="native" arch="ARM64"/>
  <component os="Android" path="BTScaner_x86.so" codeType="c++" type="native" arch="i386"/>
  <component os="Android" path="BTScaner_x64.so" codeType="c++" type="native" arch="x86_64"/>
  <component os="Android" path="ru_bootcode_btscaner.apk" codeType="java" type="native" arch="ARM"/>
  <component os="Android" path="ru_bootcode_btscaner.apk" codeType="java" type="native" arch="ARM64"/>
  <component os="Android" path="ru_bootcode_btscaner.apk" codeType="java" type="native" arch="i386"/>
  <component os="Android" path="ru_bootcode_btscaner.apk" codeType="java" type="native" arch="x86_64"/>
</bundle>